{"cameraMode":{"drawMode":0,"name":"Shaded","section":"Shading Mode"},"sceneLighting":false,"audioPlay":false,"sceneViewState":{"showFog":true,"showMaterialUpdate":false,"showSkybox":false,"showFlares":true,"showImageEffects":true,"showParticleSystems":true},"in2DMode":false,"pivot":{"x":-0.1710376739501953,"y":3.8875749111175539,"z":0.09391117095947266},"rotation":{"x":-0.2168358415365219,"y":0.332364946603775,"z":-0.07880675792694092,"w":-0.9144976139068604},"size":74.30943298339844,"orthographic":false}