{"cameraMode":{"drawMode":0,"name":"Shaded","section":"Shading Mode"},"sceneLighting":false,"audioPlay":false,"sceneViewState":{"showFog":true,"showMaterialUpdate":false,"showSkybox":false,"showFlares":true,"showImageEffects":true,"showParticleSystems":true},"in2DMode":false,"pivot":{"x":0.4157220125198364,"y":2.0377633571624758,"z":0.4968094825744629},"rotation":{"x":-0.19381718337535859,"y":-0.12995406985282899,"z":0.025911744683980943,"w":-0.9720481038093567},"size":5.658921241760254,"orthographic":false}