{"cameraMode":{"drawMode":0,"name":"Shaded","section":"Shading Mode"},"sceneLighting":true,"audioPlay":false,"sceneViewState":{"showFog":true,"showMaterialUpdate":false,"showSkybox":true,"showFlares":true,"showImageEffects":true,"showParticleSystems":true},"in2DMode":false,"pivot":{"x":49.68128204345703,"y":12.393695831298829,"z":26.246828079223634},"rotation":{"x":0.4831603169441223,"y":0.012090377509593964,"z":-0.006675148382782936,"w":0.875429630279541},"size":41.401248931884769,"orthographic":false}