{"cameraMode":{"drawMode":0,"name":"Shaded","section":"Shading Mode"},"sceneLighting":false,"audioPlay":false,"sceneViewState":{"showFog":true,"showMaterialUpdate":false,"showSkybox":false,"showFlares":true,"showImageEffects":true,"showParticleSystems":true},"in2DMode":false,"pivot":{"x":0.37307530641555788,"y":106.6322250366211,"z":-7.49381685256958},"rotation":{"x":-0.3191003203392029,"y":-0.14508342742919923,"z":0.049501933157444,"w":-0.9352416396141052},"size":0.9904057383537293,"orthographic":false}