{"cameraMode":{"drawMode":0,"name":"Shaded","section":"Shading Mode"},"sceneLighting":true,"audioPlay":false,"sceneViewState":{"showFog":true,"showMaterialUpdate":false,"showSkybox":true,"showFlares":true,"showImageEffects":true,"showParticleSystems":true},"in2DMode":false,"pivot":{"x":54.722408294677737,"y":17.920255661010743,"z":27.18710708618164},"rotation":{"x":-0.20944221317768098,"y":-0.5269436836242676,"z":0.13584794104099275,"w":-0.8124105334281921},"size":12.141056060791016,"orthographic":false}