{"cameraMode":{"drawMode":0,"name":"Shaded","section":"Shading Mode"},"sceneLighting":false,"audioPlay":false,"sceneViewState":{"showFog":true,"showMaterialUpdate":false,"showSkybox":false,"showFlares":true,"showImageEffects":true,"showParticleSystems":true},"in2DMode":false,"pivot":{"x":1.1249642372131348,"y":2.1021456718444826,"z":1.5961790084838868},"rotation":{"x":-0.1957203894853592,"y":0.11210578680038452,"z":-0.02252771332859993,"w":-0.9739707112312317},"size":7.1258931159973148,"orthographic":false}