{"cameraMode":{"drawMode":0,"name":"Shaded","section":"Shading Mode"},"sceneLighting":false,"audioPlay":false,"sceneViewState":{"showFog":true,"showMaterialUpdate":false,"showSkybox":false,"showFlares":true,"showImageEffects":true,"showParticleSystems":true},"in2DMode":false,"pivot":{"x":-1.9036264419555665,"y":1.8132350444793702,"z":-1.0691196918487549},"rotation":{"x":-0.22151240706443788,"y":0.3816083073616028,"z":-0.09472566097974777,"w":-0.8923761248588562},"size":5.926427841186523,"orthographic":false}