{"cameraMode":{"drawMode":0,"name":"Shaded","section":"Shading Mode"},"sceneLighting":false,"audioPlay":false,"sceneViewState":{"showFog":true,"showMaterialUpdate":false,"showSkybox":false,"showFlares":true,"showImageEffects":true,"showParticleSystems":true},"in2DMode":false,"pivot":{"x":0.028815031051635743,"y":1.5489450693130494,"z":0.016289949417114259},"rotation":{"x":-0.10357004404067993,"y":0.03191915899515152,"z":-0.003325405064970255,"w":-0.9941045641899109},"size":7.1258931159973148,"orthographic":false}