{"cameraMode":{"drawMode":0,"name":"Shaded","section":"Shading Mode"},"sceneLighting":false,"audioPlay":false,"sceneViewState":{"showFog":true,"showMaterialUpdate":false,"showSkybox":false,"showFlares":true,"showImageEffects":true,"showParticleSystems":true},"in2DMode":false,"pivot":{"x":51.41663360595703,"y":15.446292877197266,"z":19.91571617126465},"rotation":{"x":-0.5023229122161865,"y":0.03681093826889992,"z":-0.02140980027616024,"w":-0.8636329174041748},"size":18.93427848815918,"orthographic":false}