{"cameraMode":{"drawMode":0,"name":"Shaded","section":"Shading Mode"},"sceneLighting":true,"audioPlay":false,"sceneViewState":{"showFog":true,"showMaterialUpdate":false,"showSkybox":true,"showFlares":true,"showImageEffects":true,"showParticleSystems":true},"in2DMode":false,"pivot":{"x":49.153587341308597,"y":21.52482032775879,"z":16.21246337890625},"rotation":{"x":-0.5023229122161865,"y":0.03681093826889992,"z":-0.02140980027616024,"w":-0.8636329174041748},"size":21.837011337280275,"orthographic":false}