{"cameraMode":{"drawMode":0,"name":"Shaded","section":"Shading Mode"},"sceneLighting":false,"audioPlay":false,"sceneViewState":{"showFog":true,"showMaterialUpdate":false,"showSkybox":false,"showFlares":true,"showImageEffects":true,"showParticleSystems":true},"in2DMode":false,"pivot":{"x":48.71356964111328,"y":19.571420669555665,"z":25.25172233581543},"rotation":{"x":-0.19818976521492005,"y":-0.17478488385677339,"z":0.03594372794032097,"w":-0.9637866020202637},"size":4.94744873046875,"orthographic":false}