{"cameraMode":{"drawMode":0,"name":"Shaded","section":"Shading Mode"},"sceneLighting":false,"audioPlay":false,"sceneViewState":{"showFog":true,"showMaterialUpdate":false,"showSkybox":false,"showFlares":true,"showImageEffects":true,"showParticleSystems":true},"in2DMode":false,"pivot":{"x":-2.1642329692840578,"y":2.005948066711426,"z":-0.3603091239929199},"rotation":{"x":-0.19914007186889649,"y":0.18742802739143372,"z":-0.03883519023656845,"w":-0.9610966444015503},"size":7.1258931159973148,"orthographic":false}